ninguno	codigo	ut	at	ut_codigo	at_codigo	at_ut	at_ut_codigo	tag
0.6052631578947368	0.13157894736842105	0.0	0.10526315789473684	0.10526315789473684	0.02631578947368421	0.0	0.02631578947368421	v0.2.235
0.37735849056603776	0.07547169811320754	0.03773584905660377	0.05660377358490566	0.2641509433962264	0.07547169811320754	0.0	0.11320754716981132	v0.3.257
0.3233082706766917	0.13533834586466165	0.06015037593984962	0.08270676691729323	0.24060150375939848	0.045112781954887216	0.007518796992481203	0.10526315789473684	v0.4.313
0.4528301886792453	0.07547169811320754	0.09433962264150944	0.0	0.3018867924528302	0.018867924528301886	0.018867924528301886	0.03773584905660377	v0.4.345
0.4	0.175	0.075	0.025	0.3	0.0	0.0	0.025	v0.5.365
0.7027027027027027	0.1891891891891892	0.0	0.05405405405405406	0.02702702702702703	0.02702702702702703	0.0	0.0	v0.5.390
